name,road_addr,lot_addr,depth1,depth2,depth3_legal,depth3_admin,road_addr,roadname,longitude,latitude
행운동 주민센터,서울특별시 관악구 행운1길 43,서울특별시 관악구 봉천동,서울특별시,관악구,봉천동,행운동,서울특별시 관악구 행운1길 43,행운1길,126.957030927968,37.480642566485
신사동 자치회관,서울특별시 관악구 조원로 142,서울특별시 관악구 신림동,서울특별시,관악구,신림동,신사동,서울특별시 관악구 조원로 142,조원로,126.918035925595,37.4854128826862
조원동 주민센터,서울특별시 관악구 조원로12길 25,서울특별시 관악구 신림동,서울특별시,관악구,신림동,조원동,서울특별시 관악구 조원로12길 25,조원로12길,126.907794711951,37.4825632837387
청룡동 주민센터,서울특별시 관악구 쑥고개로 44,서울특별시 관악구 봉천동,서울특별시,관악구,봉천동,청룡동,서울특별시 관악구 쑥고개로 44,쑥고개로,126.941640745455,37.479117496604
남현동 주민센터,서울특별시 관악구 남현1가길 29,서울특별시 관악구 남현동,서울특별시,관악구,남현동,남현동,서울특별시 관악구 남현1가길 29,남현1가길,126.977875262005,37.4746878600089
대학동 치안센터,서울특별시 관악구 대학길 48,서울특별시 관악구 신림동,서울특별시,관악구,신림동,대학동,서울특별시 관악구 대학길 48,대학길,126.937557718035,37.4685736826573
인헌동 주민센터,서울특별시 관악구 남부순환로246가길 20,서울특별시 관악구 봉천동,서울특별시,관악구,봉천동,인헌동,서울특별시 관악구 남부순환로246가길 20,남부순환로246가길,126.965324324112,37.4750993079191
관악청소년회관,서울 관악구 신림로23길 17,서울특별시 관악구 신림동,서울특별시,관악구,신림동,대학동,서울 관악구 신림로23길 17,신림로23길,126.935243319909,37.4702439018707
서원동 주민센터,서울 관악구 신림로 282,서울특별시 관악구 신림동,서울특별시,관악구,신림동,서원동,서울 관악구 신림로 282,신림로,126.931374697807,37.4797691760614
신림여성교실,서울 관악구 대학길 64,서울특별시 관악구 신림동,서울특별시,관악구,신림동,대학동,서울 관악구 대학길 64,대학길,126.937494625841,37.4679123974454
관악구청,서울 관악구 관악로 145,서울특별시 관악구 봉천동,서울특별시,관악구,봉천동,청룡동,서울 관악구 관악로 145,관악로,126.951501244173,37.4782106746327
미성동 자치회관,서울 관악구 난곡로52길 16,서울특별시 관악구 신림동,서울특별시,관악구,신림동,미성동,서울 관악구 난곡로52길 16,난곡로52길,126.916214849752,37.4782319178554
행복경로당,서울 관악구 신림로36길 12-10,서울특별시 관악구 신림동,서울특별시,관악구,신림동,서림동,서울 관악구 신림로36길 12-10,신림로36길,126.937941627879,37.4756616820323
현대오일뱅크_관악셀프주유소,서울 관악구 남부순환로 1520,서울특별시 관악구 신림동,서울특별시,관악구,신림동,미성동,서울 관악구 남부순환로 1520,남부순환로,126.919452148531,37.4824162018976
신한은행 (구)봉천서 지점,서울 관악구 은천로 110,서울특별시 관악구 봉천동,서울특별시,관악구,봉천동,중앙동,서울 관악구 은천로 110,은천로,126.947348941536,37.4866845060437
신한은행 신림대학동 지점,서울 관악구 관악로 1 서울대학교 학생회관 1층,서울특별시 관악구 봉천동,서울특별시,관악구,봉천동,낙성대동,서울 관악구 관악로 1 서울대학교 학생회관 1층,관악로,126.959294337648,37.468038057989
